parameters,AUC
1|2048|512|16|0|0|0.0001,0.8831484918110051
1|2048|512|16|0|0|0.00033,0.8883770767055497
1|2048|512|16|0|0|0.001,0.8943310357016613
1|2048|512|16|0|0.2|0.0001,0.8837449923412277
1|2048|512|16|0|0.2|0.00033,0.8886053670319312
1|2048|512|16|0|0.2|0.001,0.8922543301519972
1|2048|512|16|0|0.5|0.0001,0.8825078060563215
1|2048|512|16|0|0.5|0.00033,0.8885022681748557
1|2048|512|16|0|0.5|0.001,0.8948870331094615
1|2048|512|16|1e-05|0|0.0001,0.8838149522799575
1|2048|512|16|1e-05|0|0.00033,0.8852141510545539
1|2048|512|16|1e-05|0|0.001,0.8919523977848475
1|2048|512|16|1e-05|0.2|0.0001,0.8837560386473431
1|2048|512|16|1e-05|0.2|0.00033,0.8853687993401673
1|2048|512|16|1e-05|0.2|0.001,0.8944046777424296
1|2048|512|16|1e-05|0.5|0.0001,0.883049075055968
1|2048|512|16|1e-05|0.5|0.00033,0.8873571344409095
1|2048|512|16|1e-05|0.5|0.001,0.8942132084364323
1|2048|512|16|0.001|0|0.0001,0.8807661717921527
1|2048|512|16|0.001|0|0.00033,0.8941984800282785
1|2048|512|16|0.001|0|0.001,0.9005022387180392
1|2048|512|16|0.001|0.2|0.0001,0.881296394485684
1|2048|512|16|0.001|0.2|0.00033,0.8914884529280076
1|2048|512|16|0.001|0.2|0.001,0.9004911924119241
1|2048|512|16|0.001|0.5|0.0001,0.8784832685283374
1|2048|512|16|0.001|0.5|0.00033,0.8923353363968423
1|2048|512|16|0.001|0.5|0.001,0.9051895546129375
1|2048|512|32|0|0|0.0001,0.8809539589961116
1|2048|512|32|0|0|0.00033,0.8841868445858372
1|2048|512|32|0|0|0.001,0.8883328914810888
1|2048|512|32|0|0.2|0.0001,0.8822942441380937
1|2048|512|32|0|0.2|0.00033,0.8873460881347943
1|2048|512|32|0|0.2|0.001,0.893613025804171
1|2048|512|32|0|0.5|0.0001,0.8766458996111701
1|2048|512|32|0|0.5|0.00033,0.8860794450335807
1|2048|512|32|0|0.5|0.001,0.892324290090727
1|2048|512|32|1e-05|0|0.0001,0.8818708024036762
1|2048|512|32|1e-05|0|0.00033,0.8858548368092377
1|2048|512|32|1e-05|0|0.001,0.8909582302344763
1|2048|512|32|1e-05|0.2|0.0001,0.8802654059149287
1|2048|512|32|1e-05|0.2|0.00033,0.8840726994226464
1|2048|512|32|1e-05|0.2|0.001,0.887386591257217
1|2048|512|32|1e-05|0.5|0.0001,0.8765096618357489
1|2048|512|32|1e-05|0.5|0.00033,0.8868490043596089
1|2048|512|32|1e-05|0.5|0.001,0.891009779663014
1|2048|512|32|0.001|0|0.0001,0.8766864027335926
1|2048|512|32|0.001|0|0.00033,0.8850226817485566
1|2048|512|32|0.001|0|0.001,0.8960689878637915
1|2048|512|32|0.001|0.2|0.0001,0.8778425827736539
1|2048|512|32|0.001|0.2|0.00033,0.8880199128078238
1|2048|512|32|0.001|0.2|0.001,0.9010103687993402
1|2048|512|32|0.001|0.5|0.0001,0.8734903381642511
1|2048|512|32|0.001|0.5|0.00033,0.887754801461058
1|2048|512|32|0.001|0.5|0.001,0.896312006598327
1|2048|512|64|0|0|0.0001,0.8776695239778485
1|2048|512|64|0|0|0.00033,0.8821837810769413
1|2048|512|64|0|0|0.001,0.8849085365853658
1|2048|512|64|0|0.2|0.0001,0.8738916872864382
1|2048|512|64|0|0.2|0.00033,0.8851441911158242
1|2048|512|64|0|0.2|0.001,0.8917646105808884
1|2048|512|64|0|0.5|0.0001,0.8706219806763285
1|2048|512|64|0|0.5|0.00033,0.8843267644632967
1|2048|512|64|0|0.5|0.001,0.8914626782137388
1|2048|512|64|1e-05|0|0.0001,0.8750147284081538
1|2048|512|64|1e-05|0|0.00033,0.8820622717096737
1|2048|512|64|1e-05|0|0.001,0.889006716154118
1|2048|512|64|1e-05|0.2|0.0001,0.8750994167550372
1|2048|512|64|1e-05|0.2|0.00033,0.882297926240132
1|2048|512|64|1e-05|0.2|0.001,0.8887563332155061
1|2048|512|64|1e-05|0.5|0.0001,0.8682102038411688
1|2048|512|64|1e-05|0.5|0.00033,0.884838576646636
1|2048|512|64|1e-05|0.5|0.001,0.8874602332979852
1|2048|512|64|0.001|0|0.0001,0.8699407917992223
1|2048|512|64|0.001|0|0.00033,0.8823273830564392
1|2048|512|64|0.001|0|0.001,0.896098444680099
1|2048|512|64|0.001|0.2|0.0001,0.8710306940025921
1|2048|512|64|0.001|0.2|0.00033,0.8822021915871332
1|2048|512|64|0.001|0.2|0.001,0.8964813832920938
1|2048|512|64|0.001|0.5|0.0001,0.8655811829857429
1|2048|512|64|0.001|0.5|0.00033,0.8847060209732532
1|2048|512|64|0.001|0.5|0.001,0.8969821491693178
1|2048|1024|16|0|0|0.0001,0.8855565865441263
1|2048|1024|16|0|0|0.00033,0.8926483150701071
1|2048|1024|16|0|0|0.001,0.8978548073524214
1|2048|1024|16|0|0.2|0.0001,0.8884728113585484
1|2048|1024|16|0|0.2|0.00033,0.8908809060916696
1|2048|1024|16|0|0.2|0.001,0.8951595086603039
1|2048|1024|16|0|0.5|0.0001,0.8863150995640391
1|2048|1024|16|0|0.5|0.00033,0.8900487510309887
1|2048|1024|16|0|0.5|0.001,0.8928029633557205
1|2048|1024|16|1e-05|0|0.0001,0.8867459055025333
1|2048|1024|16|1e-05|0|0.00033,0.8929686579474491
1|2048|1024|16|1e-05|0|0.001,0.8990220336985979
1|2048|1024|16|1e-05|0.2|0.0001,0.8867606339106868
1|2048|1024|16|1e-05|0.2|0.00033,0.8905311063980205
1|2048|1024|16|1e-05|0.2|0.001,0.8985065394132203
1|2048|1024|16|1e-05|0.5|0.0001,0.8853982561564746
1|2048|1024|16|1e-05|0.5|0.00033,0.8897136797454932
1|2048|1024|16|1e-05|0.5|0.001,0.8954283021091081
1|2048|1024|16|0.001|0|0.0001,0.8877768940732884
1|2048|1024|16|0.001|0|0.00033,0.8939554612937434
1|2048|1024|16|0.001|0|0.001,0.8955056262519148
1|2048|1024|16|0.001|0.2|0.0001,0.8865986214209969
1|2048|1024|16|0.001|0.2|0.00033,0.8957523270884885
1|2048|1024|16|0.001|0.2|0.001,0.9019861258395192
1|2048|1024|16|0.001|0.5|0.0001,0.8811049251796865
1|2048|1024|16|0.001|0.5|0.00033,0.8969600565570873
1|2048|1024|16|0.001|0.5|0.001,0.8987127371273712
1|2048|1024|32|0|0|0.0001,0.8857922410745845
1|2048|1024|32|0|0|0.00033,0.8869557853187228
1|2048|1024|32|0|0|0.001,0.8969563744550488
1|2048|1024|32|0|0.2|0.0001,0.8866243961352657
1|2048|1024|32|0|0.2|0.00033,0.8903948686225992
1|2048|1024|32|0|0.2|0.001,0.8957191881701426
1|2048|1024|32|0|0.5|0.0001,0.884069017320608
1|2048|1024|32|0|0.5|0.00033,0.8895848061741487
1|2048|1024|32|0|0.5|0.001,0.8948943973135385
1|2048|1024|32|1e-05|0|0.0001,0.8850521385648639
1|2048|1024|32|1e-05|0|0.00033,0.889713679745493
1|2048|1024|32|1e-05|0|0.001,0.8934988806409805
1|2048|1024|32|1e-05|0.2|0.0001,0.8856118180747025
1|2048|1024|32|1e-05|0.2|0.00033,0.888299752562743
1|2048|1024|32|1e-05|0.2|0.001,0.8970263343937787
1|2048|1024|32|1e-05|0.5|0.0001,0.883004889831507
1|2048|1024|32|1e-05|0.5|0.00033,0.8909066808059385
1|2048|1024|32|1e-05|0.5|0.001,0.8953988452928008
1|2048|1024|32|0.001|0|0.0001,0.8825704017909743
1|2048|1024|32|0.001|0|0.00033,0.8947581595381171
1|2048|1024|32|0.001|0|0.001,0.9019603511252503
1|2048|1024|32|0.001|0.2|0.0001,0.8833657358312713
1|2048|1024|32|0.001|0.2|0.00033,0.8897799575821845
1|2048|1024|32|0.001|0.2|0.001,0.898263520678685
1|2048|1024|32|0.001|0.5|0.0001,0.8785274537527984
1|2048|1024|32|0.001|0.5|0.00033,0.8935062448450571
1|2048|1024|32|0.001|0.5|0.001,0.8990367621067515
1|2048|1024|64|0|0|0.0001,0.8818376634853305
1|2048|1024|64|0|0|0.00033,0.8879278602568635
1|2048|1024|64|0|0|0.001,0.8914332213974313
1|2048|1024|64|0|0.2|0.0001,0.8820806822198656
1|2048|1024|64|0|0.2|0.00033,0.8880751443384
1|2048|1024|64|0|0.2|0.001,0.8914258571933544
1|2048|1024|64|0|0.5|0.0001,0.8759978496524097
1|2048|1024|64|0|0.5|0.00033,0.8897247260516082
1|2048|1024|64|0|0.5|0.001,0.8928176917638742
1|2048|1024|64|1e-05|0|0.0001,0.8828428773418169
1|2048|1024|64|1e-05|0|0.00033,0.8859873924826206
1|2048|1024|64|1e-05|0|0.001,0.8930202073759868
1|2048|1024|64|1e-05|0.2|0.0001,0.8829349298927772
1|2048|1024|64|1e-05|0.2|0.00033,0.8870257452574526
1|2048|1024|64|1e-05|0.2|0.001,0.8934399670083657
1|2048|1024|64|1e-05|0.5|0.0001,0.877548014610581
1|2048|1024|64|1e-05|0.5|0.00033,0.8884544008483564
1|2048|1024|64|1e-05|0.5|0.001,0.8922027807234594
1|2048|1024|64|0.001|0|0.0001,0.8781739719571109
1|2048|1024|64|0.001|0|0.00033,0.8913338046423942
1|2048|1024|64|0.001|0|0.001,0.897431365618004
1|2048|1024|64|0.001|0.2|0.0001,0.8761635442441381
1|2048|1024|64|0.001|0.2|0.00033,0.8923500648049959
1|2048|1024|64|0.001|0.2|0.001,0.9010840108401085
1|2048|1024|64|0.001|0.5|0.0001,0.8714357252268176
1|2048|1024|64|0.001|0.5|0.00033,0.8865618004006127
1|2048|1024|64|0.001|0.5|0.001,0.89880847178037
1|2048|2048|16|0|0|0.0001,0.891654147519736
1|2048|2048|16|0|0|0.00033,0.8916025980911984
1|2048|2048|16|0|0|0.001,0.895535083068222
1|2048|2048|16|0|0.2|0.0001,0.8908661776835161
1|2048|2048|16|0|0.2|0.00033,0.8934583775185577
1|2048|2048|16|0|0.2|0.001,0.89442677035466
1|2048|2048|16|0|0.5|0.0001,0.8901371214799104
1|2048|2048|16|0|0.5|0.00033,0.8921622776010367
1|2048|2048|16|0|0.5|0.001,0.893325821845175
1|2048|2048|16|1e-05|0|0.0001,0.8897578649699541
1|2048|2048|16|1e-05|0|0.00033,0.8914369034994697
1|2048|2048|16|1e-05|0|0.001,0.8989078885354072
1|2048|2048|16|1e-05|0.2|0.0001,0.8897652291740308
1|2048|2048|16|1e-05|0.2|0.00033,0.8927845528455285
1|2048|2048|16|1e-05|0.2|0.001,0.8955240367621067
1|2048|2048|16|1e-05|0.5|0.0001,0.889890420643337
1|2048|2048|16|1e-05|0.5|0.00033,0.89238688582538
1|2048|2048|16|1e-05|0.5|0.001,0.8963414634146342
1|2048|2048|16|0.001|0|0.0001,0.8922764227642277
1|2048|2048|16|0.001|0|0.00033,0.9036320254506893
1|2048|2048|16|0.001|0|0.001,0.8999646518204314
1|2048|2048|16|0.001|0.2|0.0001,0.8916504654176978
1|2048|2048|16|0.001|0.2|0.00033,0.9008188994933428
1|2048|2048|16|0.001|0.2|0.001,0.8973798161894662
1|2048|2048|16|0.001|0.5|0.0001,0.8894264757864971
1|2048|2048|16|0.001|0.5|0.00033,0.897932131495228
1|2048|2048|16|0.001|0.5|0.001,0.8985617709437963
1|2048|2048|32|0|0|0.0001,0.8886348238482384
1|2048|2048|32|0|0|0.00033,0.8919781724991163
1|2048|2048|32|0|0|0.001,0.8960100742311771
1|2048|2048|32|0|0.2|0.0001,0.8896437198067633
1|2048|2048|32|0|0.2|0.00033,0.8917498821727348
1|2048|2048|32|0|0.2|0.001,0.8940622422528572
1|2048|2048|32|0|0.5|0.0001,0.888656916460469
1|2048|2048|32|0|0.5|0.00033,0.8911902026628962
1|2048|2048|32|0|0.5|0.001,0.8933331860492518
1|2048|2048|32|1e-05|0|0.0001,0.8893160127253447
1|2048|2048|32|1e-05|0|0.00033,0.8917756568870037
1|2048|2048|32|1e-05|0|0.001,0.9001266643101213
1|2048|2048|32|1e-05|0.2|0.0001,0.8894485683987274
1|2048|2048|32|1e-05|0.2|0.00033,0.8908772239896312
1|2048|2048|32|1e-05|0.2|0.001,0.8961647225167902
1|2048|2048|32|1e-05|0.5|0.0001,0.8876222457876752
1|2048|2048|32|1e-05|0.5|0.00033,0.8947287027218098
1|2048|2048|32|1e-05|0.5|0.001,0.8974166372098503
1|2048|2048|32|0.001|0|0.0001,0.8890582655826558
1|2048|2048|32|0.001|0|0.00033,0.899559620596206
1|2048|2048|32|0.001|0|0.001,0.9004065040650407
1|2048|2048|32|0.001|0.2|0.0001,0.8875854247672912
1|2048|2048|32|0.001|0.2|0.00033,0.9002813125957346
1|2048|2048|32|0.001|0.2|0.001,0.8966213031695535
1|2048|2048|32|0.001|0.5|0.0001,0.8848017556262517
1|2048|2048|32|0.001|0.5|0.00033,0.8912748910097797
1|2048|2048|32|0.001|0.5|0.001,0.8986390950866031
1|2048|2048|64|0|0|0.0001,0.8864918404618827
1|2048|2048|64|0|0|0.00033,0.8914111287852009
1|2048|2048|64|0|0|0.001,0.8917351537645812
1|2048|2048|64|0|0.2|0.0001,0.8866243961352658
1|2048|2048|64|0|0.2|0.00033,0.8917719747849653
1|2048|2048|64|0|0.2|0.001,0.8958222870272181
1|2048|2048|64|0|0.5|0.0001,0.8851000058913632
1|2048|2048|64|0|0.5|0.00033,0.8940033286202427
1|2048|2048|64|0|0.5|0.001,0.8947250206197714
1|2048|2048|64|1e-05|0|0.0001,0.8883255272770118
1|2048|2048|64|1e-05|0|0.00033,0.8890877223989632
1|2048|2048|64|1e-05|0|0.001,0.8927550960292211
1|2048|2048|64|1e-05|0.2|0.0001,0.887736390950866
1|2048|2048|64|1e-05|0.2|0.00033,0.8897946859903381
1|2048|2048|64|1e-05|0.2|0.001,0.8959364321904087
1|2048|2048|64|1e-05|0.5|0.0001,0.8836455755861906
1|2048|2048|64|1e-05|0.5|0.00033,0.8896768587251089
1|2048|2048|64|1e-05|0.5|0.001,0.8945372334158125
1|2048|2048|64|0.001|0|0.0001,0.8820475433015199
1|2048|2048|64|0.001|0|0.00033,0.8924531636620715
1|2048|2048|64|0.001|0|0.001,0.9012533875338754
1|2048|2048|64|0.001|0.2|0.0001,0.882923883586662
1|2048|2048|64|0.001|0.2|0.00033,0.8961647225167904
1|2048|2048|64|0.001|0.2|0.001,0.8933515965594439
1|2048|2048|64|0.001|0.5|0.0001,0.8779383174266526
1|2048|2048|64|0.001|0.5|0.00033,0.8922101449275361
1|2048|2048|64|0.001|0.5|0.001,0.8999793802285849
2|2048|512|16|0|0|0.0001,0.8711890243902438
2|2048|512|16|0|0|0.00033,0.8749963178979617
2|2048|512|16|0|0|0.001,0.8760052138564863
2|2048|512|16|0|0.2|0.0001,0.8709607340638624
2|2048|512|16|0|0.2|0.00033,0.8709680982679392
2|2048|512|16|0|0.2|0.001,0.8779861847531519
2|2048|512|16|0|0.5|0.0001,0.8703936903499471
2|2048|512|16|0|0.5|0.00033,0.8707029869211736
2|2048|512|16|0|0.5|0.001,0.8817051078119477
2|2048|512|16|1e-05|0|0.0001,0.8705557028396371
2|2048|512|16|1e-05|0|0.00033,0.8714246789207022
2|2048|512|16|1e-05|0|0.001,0.8777873512430776
2|2048|512|16|1e-05|0.2|0.0001,0.8711006539413221
2|2048|512|16|1e-05|0.2|0.00033,0.8709901908801698
2|2048|512|16|1e-05|0.2|0.001,0.8794369329562861
2|2048|512|16|1e-05|0.5|0.0001,0.8702979556969483
2|2048|512|16|1e-05|0.5|0.00033,0.871144839165783
2|2048|512|16|1e-05|0.5|0.001,0.8783323023447627
2|2048|512|16|0.001|0|0.0001,0.8721095498998468
2|2048|512|16|0.001|0|0.00033,0.8775148756922352
2|2048|512|16|0.001|0|0.001,0.8846434252386002
2|2048|512|16|0.001|0.2|0.0001,0.871056468716861
2|2048|512|16|0.001|0.2|0.00033,0.875983121244256
2|2048|512|16|0.001|0.2|0.001,0.8855492223400495
2|2048|512|16|0.001|0.5|0.0001,0.8717045186756215
2|2048|512|16|0.001|0.5|0.00033,0.8762187757747141
2|2048|512|16|0.001|0.5|0.001,0.8863887416048074
2|2048|512|32|0|0|0.0001,0.8700107517379523
2|2048|512|32|0|0|0.00033,0.8754602627548016
2|2048|512|32|0|0|0.001,0.8718002533286204
2|2048|512|32|0|0.2|0.0001,0.8713657652880876
2|2048|512|32|0|0.2|0.00033,0.8724483032873807
2|2048|512|32|0|0.2|0.001,0.8793411983032873
2|2048|512|32|0|0.5|0.0001,0.871726611287852
2|2048|512|32|0|0.5|0.00033,0.8747459349593496
2|2048|512|32|0|0.5|0.001,0.8703863261458702
2|2048|512|32|1e-05|0|0.0001,0.8706882585130199
2|2048|512|32|1e-05|0|0.00033,0.8700033875338753
2|2048|512|32|1e-05|0|0.001,0.8779493637327679
2|2048|512|32|1e-05|0.2|0.0001,0.8701359432072581
2|2048|512|32|1e-05|0.2|0.00033,0.8737591316130552
2|2048|512|32|1e-05|0.2|0.001,0.8738180452456698
2|2048|512|32|1e-05|0.5|0.0001,0.8696204489218806
2|2048|512|32|1e-05|0.5|0.00033,0.87068825851302
2|2048|512|32|1e-05|0.5|0.001,0.8750036821020384
2|2048|512|32|0.001|0|0.0001,0.8704599681866384
2|2048|512|32|0.001|0|0.00033,0.8701506716154118
2|2048|512|32|0.001|0|0.001,0.8809171379757276
2|2048|512|32|0.001|0.2|0.0001,0.8700107517379523
2|2048|512|32|0.001|0.2|0.00033,0.8745912866737364
2|2048|512|32|0.001|0.2|0.001,0.8801733533639684
2|2048|512|32|0.001|0.5|0.0001,0.8707177153293272
2|2048|512|32|0.001|0.5|0.00033,0.8738106810415931
2|2048|512|32|0.001|0.5|0.001,0.8870588841757983
2|2048|512|64|0|0|0.0001,0.8693995227995759
2|2048|512|64|0|0|0.00033,0.869767733003417
2|2048|512|64|0|0|0.001,0.8720211794509249
2|2048|512|64|0|0.2|0.0001,0.8689208495345824
2|2048|512|64|0|0.2|0.00033,0.8716014198185458
2|2048|512|64|0|0.2|0.001,0.879481118180747
2|2048|512|64|0|0.5|0.0001,0.8673080888417579
2|2048|512|64|0|0.5|0.00033,0.8744440025921999
2|2048|512|64|0|0.5|0.001,0.8716235124307766
2|2048|512|64|1e-05|0|0.0001,0.8677352126782136
2|2048|512|64|1e-05|0|0.00033,0.8695468068811123
2|2048|512|64|1e-05|0|0.001,0.8735234770825968
2|2048|512|64|1e-05|0.2|0.0001,0.8672933604336044
2|2048|512|64|1e-05|0.2|0.00033,0.8700402085542593
2|2048|512|64|1e-05|0.2|0.001,0.8736560327559797
2|2048|512|64|1e-05|0.5|0.0001,0.8655038588429362
2|2048|512|64|1e-05|0.5|0.00033,0.8701285790031813
2|2048|512|64|1e-05|0.5|0.001,0.872985890184989
2|2048|512|64|0.001|0|0.0001,0.8683611700247437
2|2048|512|64|0.001|0|0.00033,0.868140243902439
2|2048|512|64|0.001|0|0.001,0.8780303699776129
2|2048|512|64|0.001|0.2|0.0001,0.8691712324731944
2|2048|512|64|0.001|0.2|0.00033,0.8738916872864382
2|2048|512|64|0.001|0.2|0.001,0.8799745198538941
2|2048|512|64|0.001|0.5|0.0001,0.8644802344762579
2|2048|512|64|0.001|0.5|0.00033,0.8728165134912219
2|2048|512|64|0.001|0.5|0.001,0.8815430953222576
2|2048|1024|16|0|0|0.0001,0.8752246082243431
2|2048|1024|16|0|0|0.00033,0.8808950453634972
2|2048|1024|16|0|0|0.001,0.8822058736891718
2|2048|1024|16|0|0.2|0.0001,0.8718223459408506
2|2048|1024|16|0|0.2|0.00033,0.8747753917756569
2|2048|1024|16|0|0.2|0.001,0.8787373335689878
2|2048|1024|16|0|0.5|0.0001,0.8752393366324968
2|2048|1024|16|0|0.5|0.00033,0.8749153116531165
2|2048|1024|16|0|0.5|0.001,0.8804605573229645
2|2048|1024|16|1e-05|0|0.0001,0.871557234594085
2|2048|1024|16|1e-05|0|0.00033,0.8764544303051727
2|2048|1024|16|1e-05|0|0.001,0.8771908507128551
2|2048|1024|16|1e-05|0.2|0.0001,0.8720064510427713
2|2048|1024|16|1e-05|0.2|0.00033,0.874687021326735
2|2048|1024|16|1e-05|0.2|0.001,0.8800776187109697
2|2048|1024|16|1e-05|0.5|0.0001,0.8730006185931425
2|2048|1024|16|1e-05|0.5|0.00033,0.8747017497348886
2|2048|1024|16|1e-05|0.5|0.001,0.879481118180747
2|2048|1024|16|0.001|0|0.0001,0.8741936196535878
2|2048|1024|16|0.001|0|0.00033,0.884275215034759
2|2048|1024|16|0.001|0|0.001,0.8810791504654177
2|2048|1024|16|0.001|0.2|0.0001,0.8745102804288912
2|2048|1024|16|0.001|0.2|0.00033,0.8799966124661246
2|2048|1024|16|0.001|0.2|0.001,0.8910944680098974
2|2048|1024|16|0.001|0.5|0.0001,0.8736118475315188
2|2048|1024|16|0.001|0.5|0.00033,0.8827581889949334
2|2048|1024|16|0.001|0.5|0.001,0.8895258925415341
2|2048|1024|32|0|0|0.0001,0.8741420702250501
2|2048|1024|32|0|0|0.00033,0.8749963178979616
2|2048|1024|32|0|0|0.001,0.8739506009190526
2|2048|1024|32|0|0.2|0.0001,0.8717781607163898
2|2048|1024|32|0|0.2|0.00033,0.8754160775303405
2|2048|1024|32|0|0.2|0.001,0.8773896842229293
2|2048|1024|32|0|0.5|0.0001,0.8748048485919642
2|2048|1024|32|0|0.5|0.00033,0.8746428361022741
2|2048|1024|32|0|0.5|0.001,0.8795105749970544
2|2048|1024|32|1e-05|0|0.0001,0.8725072169199952
2|2048|1024|32|1e-05|0|0.00033,0.8760346706727937
2|2048|1024|32|1e-05|0|0.001,0.8808361317308826
2|2048|1024|32|1e-05|0.2|0.0001,0.8722052845528456
2|2048|1024|32|1e-05|0.2|0.00033,0.8775148756922351
2|2048|1024|32|1e-05|0.2|0.001,0.877190850712855
2|2048|1024|32|1e-05|0.5|0.0001,0.8726913220219158
2|2048|1024|32|1e-05|0.5|0.00033,0.871395222104395
2|2048|1024|32|1e-05|0.5|0.001,0.8780819194061507
2|2048|1024|32|0.001|0|0.0001,0.8745912866737362
2|2048|1024|32|0.001|0|0.00033,0.8771319370802404
2|2048|1024|32|0.001|0|0.001,0.8843341286673736
2|2048|1024|32|0.001|0.2|0.0001,0.8755339047955697
2|2048|1024|32|0.001|0.2|0.00033,0.8802911806291976
2|2048|1024|32|0.001|0.2|0.001,0.8833399611170025
2|2048|1024|32|0.001|0.5|0.0001,0.8723893896547661
2|2048|1024|32|0.001|0.5|0.00033,0.8754308059384941
2|2048|1024|32|0.001|0.5|0.001,0.8919045304583479
2|2048|1024|64|0|0|0.0001,0.8712773948391658
2|2048|1024|64|0|0|0.00033,0.8729711617768352
2|2048|1024|64|0|0|0.001,0.8769625603864735
2|2048|1024|64|0|0.2|0.0001,0.8711522033698599
2|2048|1024|64|0|0.2|0.00033,0.8699150170849534
2|2048|1024|64|0|0.2|0.001,0.8730668964298338
2|2048|1024|64|0|0.5|0.0001,0.8701727642276422
2|2048|1024|64|0|0.5|0.00033,0.8760493990809473
2|2048|1024|64|0|0.5|0.001,0.8766164427948627
2|2048|1024|64|1e-05|0|0.0001,0.8721242783080005
2|2048|1024|64|1e-05|0|0.00033,0.872529309532226
2|2048|1024|64|1e-05|0|0.001,0.8764802050194416
2|2048|1024|64|1e-05|0.2|0.0001,0.8725440379403794
2|2048|1024|64|1e-05|0.2|0.00033,0.8739506009190527
2|2048|1024|64|1e-05|0.2|0.001,0.8755265405914928
2|2048|1024|64|1e-05|0.5|0.0001,0.87147622834924
2|2048|1024|64|1e-05|0.5|0.00033,0.8722347413691527
2|2048|1024|64|1e-05|0.5|0.001,0.8746575645104276
2|2048|1024|64|0.001|0|0.0001,0.8717634323082362
2|2048|1024|64|0.001|0|0.00033,0.8760125780605631
2|2048|1024|64|0.001|0|0.001,0.88165355838341
2|2048|1024|64|0.001|0.2|0.0001,0.8741347060209732
2|2048|1024|64|0.001|0.2|0.00033,0.8733320077765995
2|2048|1024|64|0.001|0.2|0.001,0.884525597973371
2|2048|1024|64|0.001|0.5|0.0001,0.8708723636149404
2|2048|1024|64|0.001|0.5|0.00033,0.875482355367032
2|2048|1024|64|0.001|0.5|0.001,0.8853356604218215
2|2048|2048|16|0|0|0.0001,0.8752172440202662
2|2048|2048|16|0|0|0.00033,0.8746354718981972
2|2048|2048|16|0|0|0.001,0.8826329975256274
2|2048|2048|16|0|0.2|0.0001,0.8770951160598564
2|2048|2048|16|0|0.2|0.00033,0.8766900848356309
2|2048|2048|16|0|0.2|0.001,0.880821403322729
2|2048|2048|16|0|0.5|0.0001,0.8761377695298693
2|2048|2048|16|0|0.5|0.00033,0.8806004772004242
2|2048|2048|16|0|0.5|0.001,0.8810423294450334
2|2048|2048|16|1e-05|0|0.0001,0.8764986155296336
2|2048|2048|16|1e-05|0|0.00033,0.872352568634382
2|2048|2048|16|1e-05|0|0.001,0.8812927123836457
2|2048|2048|16|1e-05|0.2|0.0001,0.8778020796512314
2|2048|2048|16|1e-05|0.2|0.00033,0.8769257393660894
2|2048|2048|16|1e-05|0.2|0.001,0.880983415812419
2|2048|2048|16|1e-05|0.5|0.0001,0.8743998173677389
2|2048|2048|16|1e-05|0.5|0.00033,0.8745323730411216
2|2048|2048|16|1e-05|0.5|0.001,0.8819113055260988
2|2048|2048|16|0.001|0|0.0001,0.8777063449982327
2|2048|2048|16|0.001|0|0.00033,0.882942294096854
2|2048|2048|16|0.001|0|0.001,0.8858806115235066
2|2048|2048|16|0.001|0.2|0.0001,0.8768300047130906
2|2048|2048|16|0.001|0.2|0.00033,0.8859100683398139
2|2048|2048|16|0.001|0.2|0.001,0.8840984741369153
2|2048|2048|16|0.001|0.5|0.0001,0.876189318958407
2|2048|2048|16|0.001|0.5|0.00033,0.8877732119712503
2|2048|2048|16|0.001|0.5|0.001,0.8856228643808177
2|2048|2048|32|0|0|0.0001,0.8747974843878874
2|2048|2048|32|0|0|0.00033,0.8778389006716153
2|2048|2048|32|0|0|0.001,0.8790539943442914
2|2048|2048|32|0|0.2|0.0001,0.874399817367739
2|2048|2048|32|0|0.2|0.00033,0.8785090432426064
2|2048|2048|32|0|0.2|0.001,0.88072566866973
2|2048|2048|32|0|0.5|0.0001,0.8758652939790268
2|2048|2048|32|0|0.5|0.00033,0.8805341993637329
2|2048|2048|32|0|0.5|0.001,0.8792307352421351
2|2048|2048|32|1e-05|0|0.0001,0.8747017497348887
2|2048|2048|32|1e-05|0|0.00033,0.8724188464710734
2|2048|2048|32|1e-05|0|0.001,0.8813589902203369
2|2048|2048|32|1e-05|0.2|0.0001,0.8751362377754212
2|2048|2048|32|1e-05|0.2|0.00033,0.8745397372451986
2|2048|2048|32|1e-05|0.2|0.001,0.8831153528926594
2|2048|2048|32|1e-05|0.5|0.0001,0.876270325203252
2|2048|2048|32|1e-05|0.5|0.00033,0.8752025156121126
2|2048|2048|32|1e-05|0.5|0.001,0.8784722222222223
2|2048|2048|32|0.001|0|0.0001,0.8766679922234004
2|2048|2048|32|0.001|0|0.00033,0.8829202014846235
2|2048|2048|32|0.001|0|0.001,0.8893565158477671
2|2048|2048|32|0.001|0.2|0.0001,0.8758873865912573
2|2048|2048|32|0.001|0.2|0.00033,0.8794148403440556
2|2048|2048|32|0.001|0.2|0.001,0.8839438258513019
2|2048|2048|32|0.001|0.5|0.0001,0.8761819547543301
2|2048|2048|32|0.001|0.5|0.00033,0.8811454283021092
2|2048|2048|32|0.001|0.5|0.001,0.8863592847885
2|2048|2048|64|0|0|0.0001,0.8748048485919643
2|2048|2048|64|0|0|0.00033,0.8719843584305409
2|2048|2048|64|0|0|0.001,0.8777947154471545
2|2048|2048|64|0|0.2|0.0001,0.8760788558972545
2|2048|2048|64|0|0.2|0.00033,0.8745912866737362
2|2048|2048|64|0|0.2|0.001,0.8781702898550725
2|2048|2048|64|0|0.5|0.0001,0.8759610286320255
2|2048|2048|64|0|0.5|0.00033,0.8748563980205017
2|2048|2048|64|0|0.5|0.001,0.8766385354070931
2|2048|2048|64|1e-05|0|0.0001,0.8751288735713444
2|2048|2048|64|1e-05|0|0.00033,0.8746281076941204
2|2048|2048|64|1e-05|0|0.001,0.8852546541769767
2|2048|2048|64|1e-05|0.2|0.0001,0.874436638388123
2|2048|2048|64|1e-05|0.2|0.00033,0.8746575645104278
2|2048|2048|64|1e-05|0.2|0.001,0.8820806822198656
2|2048|2048|64|1e-05|0.5|0.0001,0.8741347060209732
2|2048|2048|64|1e-05|0.5|0.00033,0.8755191763874162
2|2048|2048|64|1e-05|0.5|0.001,0.8784943148344526
2|2048|2048|64|0.001|0|0.0001,0.8757106456934133
2|2048|2048|64|0.001|0|0.00033,0.8806814834452692
2|2048|2048|64|0.001|0|0.001,0.8883328914810888
2|2048|2048|64|0.001|0.2|0.0001,0.8741641628372805
2|2048|2048|64|0.001|0.2|0.00033,0.8790319017320608
2|2048|2048|64|0.001|0.2|0.001,0.8833620537292329
2|2048|2048|64|0.001|0.5|0.0001,0.8738475020619773
2|2048|2048|64|0.001|0.5|0.00033,0.8742525332862026
2|2048|2048|64|0.001|0.5|0.001,0.8850410922587487
